time,Obs,Mean
1985/1/15,-0.1421,-0.169866667
1985/2/15,-0.321,-0.2004
1985/3/15,-0.1033,-0.1888
1985/4/15,0.0246,-0.133233333
1985/5/15,0.1428,0.021366667
1985/6/15,-0.3632,-0.065266667
1985/7/15,-0.3821,-0.200833333
1985/8/15,-0.1053,-0.283533333
1985/9/15,-0.0987,-0.195366667
1985/10/15,-0.3471,-0.1837
1985/11/15,0.2791,-0.055566667
1985/12/15,-0.0876,-0.051866667
1986/1/15,0.0938,0.0951
1986/2/15,0.2646,0.090266667
1986/3/15,0.454,0.2708
1986/4/15,0.2444,0.321
1986/5/15,0.2522,0.316866667
1986/6/15,-0.084,0.137533333
1986/7/15,-0.4418,-0.0912
1986/8/15,-0.0896,-0.205133333
1986/9/15,0.1475,-0.127966667
1986/10/15,0.0586,0.038833333
1986/11/15,0.4462,0.217433333
1986/12/15,0.0882,0.197666667
1987/1/15,-0.031,0.1678
1987/2/15,0.0002,0.019133333
1987/3/15,-0.4568,-0.162533333
1987/4/15,-0.337,-0.264533333
1987/5/15,0.1063,-0.229166667
1987/6/15,0.0019,-0.076266667
1987/7/15,-0.1363,-0.009366667
1987/8/15,0.1309,-0.001166667
1987/9/15,0.5152,0.169933333
1987/10/15,0.5493,0.398466667
1987/11/15,-0.0713,0.331066667
1987/12/15,-0.1254,0.117533333
1988/1/15,0.1417,-0.018333333
1988/2/15,0.1391,0.0518
1988/3/15,-0.0285,0.0841
1988/4/15,0.2898,0.133466667
1988/5/15,-0.3981,-0.0456
1988/6/15,-0.3047,-0.137666667
1988/7/15,0.073,-0.209933333
1988/8/15,-0.0185,-0.0834
1988/9/15,-0.1962,-0.047233333
1988/10/15,-0.3119,-0.175533333
1988/11/15,-0.1953,-0.234466667
1988/12/15,0.2789,-0.0761
1989/1/15,-0.4517,-0.1227
1989/2/15,0.4018,0.076333333
1989/3/15,-0.1058,-0.0519
1989/4/15,-0.0332,0.0876
1989/5/15,-0.0363,-0.058433333
1989/6/15,-0.5409,-0.203466667
1989/7/15,-0.0704,-0.215866667
1989/8/15,-0.6595,-0.4236
1989/9/15,-0.4847,-0.404866667
1989/10/15,-0.5704,-0.571533333
1989/11/15,-0.4072,-0.487433333
1989/12/15,0.0194,-0.3194
1990/1/15,0.392,0.0014
1990/2/15,-0.1002,0.103733333
1990/3/15,-0.0009,0.096966667
1990/4/15,-0.1667,-0.089266667
1990/5/15,-0.4054,-0.191
1990/6/15,-0.3267,-0.2996
1990/7/15,0.0666,-0.221833333
1990/8/15,-0.0727,-0.110933333
1990/9/15,-0.3715,-0.125866667
1990/10/15,-0.7875,-0.410566667
1990/11/15,0.0205,-0.3795
1990/12/15,-0.127,-0.298
1991/1/15,0.1135,0.002333333
1991/2/15,0.1507,0.045733333
1991/3/15,-0.2109,0.017766667
1991/4/15,0.8205,0.253433333
1991/5/15,0.7359,0.4485
1991/6/15,0.2876,0.614666667
1991/7/15,0.1568,0.393433333
1991/8/15,-0.1857,0.086233333
1991/9/15,0.3185,0.096533333
1991/10/15,0.1269,0.086566667
1991/11/15,0.228,0.224466667
1991/12/15,0.2892,0.2147
1992/1/15,-0.4012,0.038666667
1992/2/15,-0.3298,-0.147266667
1992/3/15,-0.6104,-0.447133333
1992/4/15,-0.5535,-0.4979
1992/5/15,-0.4231,-0.529
1992/6/15,-0.5123,-0.4963
1992/7/15,-0.3837,-0.4397
1992/8/15,-0.7312,-0.5424
1992/9/15,-0.7313,-0.6154
1992/10/15,-0.4292,-0.630566667
1992/11/15,-0.0034,-0.387966667
1992/12/15,-0.1436,-0.192066667
1993/1/15,-0.0748,-0.073933333
1993/2/15,-0.1004,-0.106266667
1993/3/15,-0.2386,-0.137933333
1993/4/15,-0.1938,-0.1776
1993/5/15,0.4385,0.002033333
1993/6/15,0.1008,0.115166667
1993/7/15,0.3091,0.2828
1993/8/15,-0.0519,0.119333333
1993/9/15,-0.4747,-0.0725
1993/10/15,-0.1525,-0.226366667
1993/11/15,-0.2341,-0.2871
1993/12/15,-0.3457,-0.2441
1994/1/15,0.2532,-0.108866667
1994/2/15,-0.1594,-0.083966667
1994/3/15,0.2774,0.123733333
1994/4/15,0.5175,0.211833333
1994/5/15,0.6281,0.474333333
1994/6/15,0.4067,0.517433333
1994/7/15,0.8639,0.6329
1994/8/15,1.1539,0.808166667
1994/9/15,0.8917,0.969833333
1994/10/15,1.6671,1.237566667
1994/11/15,0.2104,0.923066667
1994/12/15,-0.1672,0.5701
1995/1/15,-0.1499,-0.035566667
1995/2/15,0.5858,0.089566667
1995/3/15,0.2349,0.2236
1995/4/15,-0.0036,0.272366667
1995/5/15,0.1949,0.142066667
1995/6/15,0.0829,0.0914
1995/7/15,-0.4365,-0.0529
1995/8/15,-0.304,-0.2192
1995/9/15,-0.1306,-0.290366667
1995/10/15,-0.126,-0.186866667
1995/11/15,-0.5443,-0.266966667
1995/12/15,0.4329,-0.079133333
1996/1/15,0.3577,0.0821
1996/2/15,0.4363,0.408966667
1996/3/15,-0.1413,0.217566667
1996/4/15,-0.4128,-0.039266667
1996/5/15,-0.3443,-0.299466667
1996/6/15,-0.2851,-0.3474
1996/7/15,-0.5031,-0.3775
1996/8/15,-0.9397,-0.575966667
1996/9/15,-0.6018,-0.681533333
1996/10/15,-1.1919,-0.911133333
1996/11/15,-0.87,-0.8879
1996/12/15,-0.3002,-0.787366667
1997/1/15,-0.0288,-0.399666667
1997/2/15,0.2109,-0.039366667
1997/3/15,0.0201,0.0674
1997/4/15,-0.1175,0.037833333
1997/5/15,-0.1737,-0.090366667
1997/6/15,0.0269,-0.0881
1997/7/15,0.9392,0.264133333
1997/8/15,0.4257,0.463933333
1997/9/15,0.658,0.6743
1997/10/15,1.4734,0.852366667
1997/11/15,1.5962,1.242533333
1997/12/15,0.5585,1.209366667
1998/1/15,0.4936,0.882766667
1998/2/15,0.2938,0.448633333
1998/3/15,-0.3595,0.142633333
1998/4/15,-0.2179,-0.094533333
1998/5/15,0.0409,-0.178833333
1998/6/15,0.1972,0.006733333
1998/7/15,-0.5693,-0.1104
1998/8/15,-0.8874,-0.419833333
1998/9/15,-0.7152,-0.723966667
1998/10/15,-0.8754,-0.826
1998/11/15,-0.8341,-0.808233333
1998/12/15,-0.3314,-0.6803
1999/1/15,-0.4802,-0.548566667
1999/2/15,-0.1789,-0.330166667
1999/3/15,0.0805,-0.192866667
1999/4/15,0.0089,-0.029833333
1999/5/15,-0.3745,-0.095033333
1999/6/15,-0.1926,-0.186066667
1999/7/15,0.0598,-0.1691
1999/8/15,-0.1162,-0.083
1999/9/15,0.1013,0.014966667
1999/10/15,-0.4686,-0.161166667
1999/11/15,-0.2953,-0.220866667
1999/12/15,-0.051,-0.271633333
2000/1/15,0.1548,-0.063833333
2000/2/15,0.453,0.1856
2000/3/15,0.6966,0.4348
2000/4/15,0.5406,0.5634
2000/5/15,0.3464,0.527866667
2000/6/15,-0.1449,0.247366667
2000/7/15,0.387,0.196166667
2000/8/15,0.1498,0.130633333
2000/9/15,0.1096,0.215466667
2000/10/15,-0.2151,0.014766667
2000/11/15,0.2128,0.035766667
2000/12/15,0.1899,0.062533333
2001/1/15,0.3032,0.2353
2001/2/15,0.4453,0.3128
2001/3/15,0.6677,0.472066667
2001/4/15,0.2261,0.446366667
2001/5/15,0.0994,0.331066667
2001/6/15,0.0983,0.141266667
2001/7/15,-0.6249,-0.1424
2001/8/15,-0.4697,-0.3321
2001/9/15,-0.3341,-0.476233333
2001/10/15,-0.2225,-0.3421
2001/11/15,0.1337,-0.140966667
2001/12/15,0.139,0.016733333
2002/1/15,0.0123,0.095
2002/2/15,0.0538,0.068366667
2002/3/15,-0.1741,-0.036
2002/4/15,-0.3643,-0.161533333
2002/5/15,-0.5962,-0.3782
2002/6/15,-0.1741,-0.3782
2002/7/15,-0.4152,-0.395166667
2002/8/15,-0.2252,-0.2715
2002/9/15,0.4628,-0.0592
2002/10/15,0.5428,0.260133333
2002/11/15,0.4955,0.500366667
2002/12/15,-0.0656,0.324233333
2003/1/15,-0.2843,0.048533333
2003/2/15,0.2717,-0.026066667
2003/3/15,0.2987,0.095366667
2003/4/15,0.0272,0.1992
2003/5/15,0.2577,0.194533333
2003/6/15,0.4599,0.248266667
2003/7/15,0.5583,0.4253
2003/8/15,0.601,0.539733333
2003/9/15,-0.0055,0.3846
2003/10/15,-0.0295,0.188666667
2003/11/15,-0.2815,-0.1055
2003/12/15,0.2165,-0.0315
2004/1/15,-0.0977,-0.054233333
2004/2/15,0.0686,0.062466667
2004/3/15,0.2987,0.089866667
2004/4/15,-0.4067,-0.013133333
2004/5/15,-0.1176,-0.0752
2004/6/15,-0.3513,-0.291866667
2004/7/15,-0.4079,-0.292266667
2004/8/15,0.0364,-0.240933333
2004/9/15,0.0093,-0.120733333
2004/10/15,0.0985,0.048066667
2004/11/15,-0.1429,-0.0117
2004/12/15,-0.0376,-0.027333333
2005/1/15,-0.1809,-0.120466667
2005/2/15,-0.8161,-0.344866667
2005/3/15,-0.7384,-0.578466667
2005/4/15,0.1091,-0.4818
2005/5/15,0.0888,-0.180166667
2005/6/15,0.0691,0.089
2005/7/15,-0.4879,-0.11
2005/8/15,-0.4067,-0.275166667
2005/9/15,-0.3931,-0.429233333
2005/10/15,-0.4421,-0.413966667
2005/11/15,-0.3313,-0.388833333
2005/12/15,-0.3787,-0.384033333
2006/1/15,-0.1354,-0.2818
2006/2/15,-0.6605,-0.391533333
2006/3/15,-0.1723,-0.322733333
2006/4/15,0.1713,-0.2205
2006/5/15,-0.1192,-0.040066667
2006/6/15,-0.2984,-0.0821
2006/7/15,-0.1938,-0.2038
2006/8/15,0.316,-0.058733333
2006/9/15,0.6805,0.267566667
2006/10/15,1.0894,0.6953
2006/11/15,0.9702,0.913366667
2006/12/15,0.6006,0.886733333
2007/1/15,0.256,0.608933333
2007/2/15,-0.2738,0.194266667
2007/3/15,0.2695,0.0839
2007/4/15,0.2338,0.0765
2007/5/15,0.4196,0.307633333
2007/6/15,0.4775,0.376966667
2007/7/15,0.4836,0.460233333
2007/8/15,0.4132,0.4581
2007/9/15,0.3466,0.414466667
2007/10/15,-0.0358,0.241333333
2007/11/15,-0.2514,0.0198
2007/12/15,-0.2758,-0.187666667
2008/1/15,0.0885,-0.146233333
2008/2/15,-0.4022,-0.1965
2008/3/15,-0.0187,-0.1108
2008/4/15,-0.4227,-0.2812
2008/5/15,0.3149,-0.042166667
2008/6/15,0.4135,0.1019
2008/7/15,0.5772,0.4352
2008/8/15,0.4252,0.471966667
2008/9/15,-0.4263,0.192033333
2008/10/15,0.0157,0.004866667
2008/11/15,-0.2661,-0.225566667
2008/12/15,-0.3883,-0.2129
2009/1/15,-0.0839,-0.2461
2009/2/15,0.347,-0.041733333
2009/3/15,0.5156,0.259566667
2009/4/15,0.1455,0.336033333
2009/5/15,0.2034,0.288166667
2009/6/15,0.1236,0.1575
2009/7/15,-0.4133,-0.028766667
2009/8/15,-0.4403,-0.243333333
2009/9/15,-0.2368,-0.363466667
2009/10/15,-0.009,-0.2287
2009/11/15,-0.2392,-0.161666667
2009/12/15,0.5147,0.088833333
2010/1/15,0.4832,0.2529
2010/2/15,0.3499,0.449266667
2010/3/15,0.4427,0.425266667
2010/4/15,0.5915,0.461366667
2010/5/15,-0.4074,0.208933333
2010/6/15,0.0535,0.0792
2010/7/15,-0.0395,-0.131133333
2010/8/15,-0.0879,-0.024633333
2010/9/15,-0.6378,-0.255066667
2010/10/15,-0.9465,-0.5574
2010/11/15,-0.4406,-0.674966667
2010/12/15,-0.2027,-0.529933333
2011/1/15,-0.1033,-0.248866667
2011/2/15,-0.0997,-0.135233333
2011/3/15,-0.1089,-0.103966667
2011/4/15,-0.0608,-0.0898
2011/5/15,-0.0404,-0.070033333
2011/6/15,0.1432,0.014
2011/7/15,0.0687,0.057166667
2011/8/15,0.4309,0.214266667
2011/9/15,0.4118,0.3038
2011/10/15,0.5029,0.448533333
2011/11/15,0.1791,0.3646
2011/12/15,0.0409,0.240966667
2012/1/15,0.0088,0.076266667
2012/2/15,-0.2086,-0.052966667
2012/3/15,0.0778,-0.040666667
2012/4/15,-0.559,-0.229933333
2012/5/15,-0.5707,-0.350633333
2012/6/15,0.1109,-0.3396
2012/7/15,0.6853,0.075166667
2012/8/15,1.0627,0.619633333
2012/9/15,1.0204,0.9228
2012/10/15,0.3855,0.822866667
2012/11/15,0.0034,0.469766667
2012/12/15,0.3204,0.236433333
2013/1/15,0.2364,0.186733333
2013/2/15,-0.0557,0.167033333
2013/3/15,-0.1195,0.0204
2013/4/15,-0.1689,-0.1147
2013/5/15,-0.3899,-0.2261
2013/6/15,-0.2174,-0.258733333
2013/7/15,-0.435,-0.347433333
2013/8/15,-0.0954,-0.249266667
2013/9/15,-0.2877,-0.2727
2013/10/15,-0.1186,-0.167233333
2013/11/15,-0.0292,-0.145166667
2013/12/15,-0.2273,-0.125033333
2014/1/15,-0.1019,-0.119466667
2014/2/15,-0.0256,-0.118266667
2014/3/15,-0.072,-0.0665
2014/4/15,-0.0822,-0.059933333
2014/5/15,0.3577,0.067833333
2014/6/15,0.0793,0.118266667
2014/7/15,-0.2814,0.051866667
2014/8/15,-0.635,-0.279033333
2014/9/15,-0.329,-0.415133333
2014/10/15,0.0116,-0.317466667
2014/11/15,0.1819,-0.045166667
2014/12/15,-0.172,0.007166667
2015/1/15,-0.4104,-0.1335
2015/2/15,-0.1937,-0.2587
2015/3/15,0.0983,-0.1686
2015/4/15,0.2682,0.0576
2015/5/15,0.1957,0.1874
2015/6/15,0.2269,0.230266667
2015/7/15,0.2388,0.220466667
2015/8/15,0.9118,0.459166667
2015/9/15,0.9801,0.710233333
2015/10/15,0.5235,0.805133333
2015/11/15,0.4586,0.654066667
2015/12/15,-0.03,0.317366667
2016/1/15,-0.218,0.0702
2016/2/15,-0.344,-0.197333333
2016/3/15,-0.1204,-0.227466667
2016/4/15,-0.0626,-0.175666667
2016/5/15,-0.2964,-0.1598
2016/6/15,-0.4931,-0.284033333
2016/7/15,-1.1567,-0.648733333
2016/8/15,-0.4429,-0.697566667
2016/9/15,-0.8901,-0.8299
2016/10/15,-0.4148,-0.5826
2016/11/15,-0.1999,-0.5016
2016/12/15,-0.1154,-0.243366667
2017/1/15,-0.0473,-0.120866667
2017/2/15,0.4424,0.093233333
2017/3/15,0.57,0.3217
2017/4/15,0.7861,0.5995
2017/5/15,1.1733,0.843133333
2017/6/15,0.8614,0.940266667
2017/7/15,0.6745,0.903066667
2017/8/15,1.1484,0.894766667
2017/9/15,0.6115,0.811466667
2017/10/15,0.5324,0.7641
2017/11/15,0.4258,0.523233333
2017/12/15,0.5192,0.492466667
2018/1/15,0.2449,0.396633333
2018/2/15,1.1863,0.650133333
2018/3/15,0.5279,0.653033333
2018/4/15,0.0796,0.597933333
2018/5/15,0.8881,0.498533333
2018/6/15,0.9878,0.651833333
2018/7/15,0.8732,0.916366667
2018/8/15,0.5522,0.8044
2018/9/15,1.3382,0.9212
2018/10/15,0.5616,0.817333333
2018/11/15,0.8736,0.924466667
2018/12/15,0.6887,0.707966667
2019/1/15,0.3307,0.631
2019/2/15,-0.0734,0.315333333
2019/3/15,-0.0503,0.069
2019/4/15,0.133,0.0031
2019/5/15,1.0287,0.370466667
2019/6/15,0.4061,0.5226
2019/7/15,0.5966,0.677133333
2019/8/15,1.0487,0.6838
2019/9/15,1.138,0.927766667
2019/10/15,1.4394,1.2087
2019/11/15,1.6141,1.397166667
2019/12/15,0.2607,1.104733333
2020/1/15,0.2907,0.721833333
2020/2/15,-0.1335,0.1393
2020/3/15,-0.1717,-0.004833333
2020/4/15,-0.1933,-0.166166667
2020/5/15,0.4556,0.0302
2020/6/15,0.6746,0.3123
2020/7/15,0.3104,0.4802
2020/8/15,-0.3647,0.206766667
2020/9/15,-0.3701,-0.141466667
2020/10/15,0.0888,-0.215333333
2020/11/15,-0.0992,-0.126833333
2020/12/15,0.1105,0.033366667
2021/1/15,0.1111,0.0408
2021/2/15,0.4086,0.210066667
2021/3/15,0.1187,0.2128
2021/4/15,0.2067,0.244666667
2021/5/15,-0.3929,-0.0225
2021/6/15,-0.2448,-0.143666667
2021/7/15,-0.504,-0.380566667
2021/8/15,-0.2231,-0.323966667
2021/9/15,-0.264,-0.330366667
2021/10/15,-0.482,-0.323033333
2021/11/15,-0.069,-0.271666667
2021/12/15,-0.0391,-0.1967
2022/1/15,-0.3469,-0.151666667
2022/2/15,-0.2437,-0.2099
2022/3/15,-0.0219,-0.204166667
2022/4/15,-0.3884,-0.218
2022/5/15,-0.487,-0.2991
2022/6/15,-0.3222,-0.3992
2022/7/15,-0.87,-0.559733333
2022/8/15,-0.8884,-0.693533333
2022/9/15,-0.7796,-0.846
2022/10/15,-0.6831,-0.7837
2022/11/15,-0.1325,-0.531733333
2022/12/15,0.4207,-0.131633333
2023/1/15,0.2361,0.174766667
2023/2/15,0.5071,0.387966667
2023/3/15,0.5022,0.415133333
2023/4/15,0.1287,0.379333333
2023/5/15,0.1405,0.257133333
2023/6/15,0.1669,0.145366667
2023/7/15,0.3273,0.211566667
2023/8/15,0.9317,0.4753
2023/9/15,0.9852,0.748066667
2023/10/15,1.483,1.1333
2023/11/15,1.0808,1.183
2023/12/15,0.9886,1.184133333
2024/1/15,0.6985,0.922633333
2024/2/15,0.3447,0.677266667
2024/3/15,0.7344,0.592533333
2024/4/15,0.1812,0.4201
2024/5/15,0.2818,0.399133333
2024/6/15,-0.1641,0.099633333
2024/7/15,-0.2651,-0.049133333
2024/8/15,0.3292,-0.033333333
2024/9/15,0.2836,0.1159
2024/10/15,-0.415,0.065933333
2024/11/15,-0.5297,-0.220366667
2024/12/15,-0.4929,-0.4792
